,index,count,keywords
0,39,"211,254",
1,40,"232,127",0-pussy 
2,41,"7,094",1-on-1 
3,42,"216,776",1080p 
4,43,"82,741",18-porn 
5,44,"241,372",18-year-old 
6,45,"11,473",18-year-old-porn 
7,46,"36,349",18yearsold 
8,47,"6,056",18yo 
9,48,"194,549",19yo 
10,49,"25,616",3-on-1 
11,50,"179,719",3d-hentai 
12,51,"18,916",3d-porn 
13,52,"5,513",3some 
14,53,"3,509",3way 
15,54,"5,705",4some 
16,55,"5,594",8teen 
17,56,"118,823",8teenxxx 
18,57,"25,175",POV 
19,58,"6,927",action 
20,59,"10,383",actress 
21,60,"19,166",adorable 
22,61,"49,900",adult 
23,62,"5,972",adult-toys 
24,63,"6,191",affair 
25,64,"12,447",africa 
26,65,"94,736",african 
27,66,"136,180",all 
28,67,"17,571",all-natural 
29,68,"13,951",alone 
30,69,"50,647",alternative 
31,70,"22,642",amador 
32,71,"17,375",amadora 
33,72,"453,664",amante 
34,73,"522,861",amateur 
35,74,"315,520",amateur-anal 
36,75,"679,190",amateur-blow-job 
37,76,"298,117",amateur-blowjob 
38,77,"432,584",amateur-couple 
39,78,"254,167",amateur-cum 
40,79,"515,098",amateur-cumshots 
41,80,"401,813",amateur-free-porn 
42,81,"545,580",amateur-milf 
43,82,"514,945",amateur-porn 
44,83,"593,101",amateur-porn-free 
45,84,"497,821",amateur-porn-video 
46,85,"353,568",amateur-porn-videos 
47,86,"621,654",amateur-porno 
48,87,"707,808",amateur-pussy 
49,88,"493,548",amateur-sex 
50,89,"687,525",amateur-sex-tapes 
51,90,"593,223",amateur-sex-video 
52,91,"616,581",amateur-sex-videos 
53,92,"433,961",amateur-teen 
54,93,"339,314",amateur-video 
55,94,"246,171",amateur-videos 
56,95,"278,809",amateur-vids 
57,96,"4,869",amateur-xxx 
58,97,"64,472",amateurporn 
59,98,"46,796",amateurs 
60,99,"61,695",amateurs-gone 
61,100,"13,317",amateurs-gone-wild 
62,101,"39,759",amateursex 
63,102,"18,941",amatoriale 
64,103,"185,780",amatuer 
65,104,"282,655",amatuer-porn 
66,105,"130,105",amatuer-sex 
67,106,"81,349",amatuer-video 
68,107,"171,030",amatuer-videos 
69,108,"22,529",amatur-porn 
70,109,"17,218",amature 
71,110,"188,628",amature-allure 
72,111,"241,683",amature-porn 
73,112,"285,235",amature-porn-videos 
74,113,"280,807",amature-sex 
75,114,"389,536",amature-sex-tapes 
76,115,"133,481",amature-sex-video 
77,116,"83,986",amature-video 
78,117,"30,163",amature-videos 
79,118,"30,901",amatures-gone-wild 
80,119,"15,886",amazing 
81,120,"170,890",american 
82,121,"170,910",ameteur-porn 
83,122,"170,920",ametuer-porn 
84,123,"171,019",ametur-porn 
85,124,"20,039",ameture-porn 
86,125,"28,800",amiga 
87,126,"11,130",amigo 
88,127,"301,548",amigos 
89,128,"217,808",anal 
90,129,"161,537",anal-creampie 
91,130,"243,409",anal-creampies 
92,131,"424,728",anal-fingering 
93,132,"172,201",anal-fuck 
94,133,"242,441",anal-gape 
95,134,"372,501",anal-licking 
96,135,"194,228",anal-masturbation 
97,136,"457,577",anal-play 
98,137,"162,831",anal-porn 
99,138,"554,673",anal-queen 
100,139,"66,379",anal-sex 
101,140,"9,830",anale 
102,141,"9,943",analfuck 
103,142,"22,375",analfucking 
104,143,"551,402",analsex 
105,144,"6,155",and 
106,145,"10,082",animated 
107,146,"15,988",animation 
108,147,"26,670",anime 
109,148,"9,541",anime-hentai 
110,149,"11,646",ano 
111,150,"10,203",anus 
112,151,"211,869",arab 
113,152,"6,772",arab-cock 
114,153,"3,063",arabe 
115,154,"3,482",arabic 
116,155,"11,900",argenta 
117,156,"1,672",argentina 
118,157,"3,210",argentino 
119,158,"8,381",arrecha 
120,159,"8,333",art 
121,160,"80,505",asia 
122,161,"275,906",asian 
123,162,"4,699",asian-teen 
124,163,"422,137",asmr 
125,164,"249,235",ass 
126,165,"485,966",ass-eating 
127,166,"352,537",ass-fuck 
128,167,"439,186",ass-fucked 
129,168,"239,241",ass-fucking 
130,169,"302,613",ass-lick 
131,170,"254,835",ass-licking 
132,171,"677,637",ass-play 
133,172,"428,584",ass-sex 
134,173,"567,356",ass-to-mouth 
135,174,"239,718",ass-to-pussy-atp 
136,175,"9,888",ass-worship 
137,176,"9,322",assfuck 
138,177,"37,115",assfucking 
139,178,"12,208",asshole 
140,179,"5,173",asslick 
141,180,"5,646",asslicking 
142,181,"36,073",asstomouth 
143,182,"10,275",athetic-body 
144,183,"11,982",athletic 
145,184,"3,284",atm 
146,185,"7,462",atogm 
147,186,"8,673",audition 
148,187,"4,956",aunty 
149,188,"168,939",australian 
150,189,"222,288",average-anal-gape 
151,190,"183,360",average-ass 
152,191,"45,128",babe 
153,192,"7,276",babes 
154,193,"6,241",babysitter 
155,194,"7,378",backshots 
156,195,"214,771",baile 
157,196,"16,376",bald-pussy 
158,197,"69,237",ball-busting 
159,198,"96,548",ball-licking 
160,199,"4,368",ball-sucking 
161,200,"22,510",ballbusting 
162,201,"200,825",balls 
163,202,"71,569",balls-deep-anal 
164,203,"25,108",balls-licking 
165,204,"26,403",bang 
166,205,"10,838",bang-bros 
167,206,"2,979",bangbros 
168,207,"13,545",bangkok 
169,208,"15,417",banheiro 
170,209,"57,715",banho 
171,210,"6,816",bareback 
172,211,"198,082",barefoot 
173,212,"10,906",barely-18-porn 
174,213,"16,658",bath 
175,214,"67,560",bathroom 
176,215,"53,000",bbc 
177,216,"55,582",bbw 
178,217,"10,145",bdsm 
179,218,"8,181",beach 
180,219,500,bear 
181,220,"48,543",beard 
182,221,"35,116",beautiful 
183,222,"23,746",beauty 
184,223,"16,669",bed 
185,224,"201,076",bedroom 
186,225,"8,660",behind-the-scenes 
187,226,"66,689",belly 
188,227,"121,039",best 
189,228,"226,459",best-blow-job-ever 
190,229,"179,762",best-blow-job-video 
191,230,"98,274",best-blow-job-videos 
192,231,"298,304",best-blow-jobs-ever 
193,232,"293,993",best-blowjob 
194,233,"401,638",best-blowjob-ever 
195,234,"357,159",best-blowjob-video 
196,235,"86,493",best-blowjob-videos 
197,236,"85,151",best-blowjobs 
198,237,"1,929",best-blowjobs-ever 
199,238,"9,948",beurette 
200,239,"510,798",bhabhi 
201,240,"673,049",big 
202,241,"483,186",big-ass 
203,242,"636,376",big-ass-gape 
204,243,"851,101",big-ass-milf 
205,244,"604,400",big-ass-teen 
206,245,"534,628",big-black-cock 
207,246,"408,654",big-black-dick 
208,247,"309,667",big-boobs 
209,248,"263,802",big-booty 
210,249,"335,513",big-bulge 
211,250,"272,542",big-butt 
212,251,"646,753",big-clit 
213,252,"508,665",big-cock 
214,253,"285,782",big-dick 
215,254,"344,421",big-dicks 
216,255,"516,823",big-dildo 
217,256,"275,251",big-natural-tits 
218,257,"650,790",big-nipples 
219,258,"465,281",big-pussy 
220,259,"607,201",big-pussy-lips 
221,260,"603,271",big-tits 
222,261,"18,867",big-tits-milf 
223,262,"4,483",bigass 
224,263,"9,701",bigblackcock 
225,264,"4,292",bigboobs 
226,265,"5,220",bigbooty 
227,266,"44,347",bigbutt 
228,267,"12,179",bigcock 
229,268,"62,436",bigdick 
230,269,"12,785",bigtits 
231,270,490,bikini 
232,271,"12,048",bisex 
233,272,"29,967",bisexual 
234,273,"14,702",bitch 
235,274,"87,909",bizarre 
236,275,"160,934",bj-videos 
237,276,"367,430",black 
238,277,"355,175",black-ass 
239,278,"284,090",black-cock 
240,279,"296,114",black-dick 
241,280,"260,474",black-gay 
242,281,"110,494",black-girl 
243,282,"355,896",black-hair 
244,283,"98,809",black-pussy 
245,284,"121,086",black-thugs 
246,285,"7,573",black-women 
247,286,850,blackcock 
248,287,"2,758",blackcocks 
249,288,"10,130",blackdick 
250,289,15,blacks 
251,290,"8,287",blacksonboys 
252,291,"14,993",blackwoman 
253,292,"164,083",blond 
254,293,"356,335",blonde 
255,294,"15,613",blonde-teen 
256,295,"65,157",blondes 
257,296,"89,767",blow 
258,297,"74,450",blow-job 
259,298,"86,858",blow-job-contest 
260,299,"252,371",blow-job-movies 
261,300,"196,031",blow-job-porn 
262,301,"149,702",blow-job-video 
263,302,"216,107",blow-job-videos 
264,303,"112,561",blow-jobs-porn 
265,304,"4,164",blow-jobs-videos 
266,305,"16,390",blowbang 
267,306,"465,535",blowing 
268,307,"248,677",blowjob 
269,308,"550,373",blowjob-contest 
270,309,"439,087",blowjob-porn 
271,310,"345,516",blowjob-video 
272,311,"54,463",blowjob-videos 
273,312,"23,179",blowjobs 
274,313,"22,369",blows 
275,314,"59,098",blue-eye 
276,315,"89,910",body 
277,316,"46,479",body-massage 
278,317,"7,459",bondage 
279,318,"157,919",boobies 
280,319,"7,022",boobs 
281,320,"58,736",boots 
282,321,"40,426",booty 
283,322,"11,758",boquete 
284,323,"9,708",boss 
285,324,"13,002",bottom 
286,325,"57,568",bound 
287,326,"299,755",boy 
288,327,"163,819",boy-fuck-girl 
289,328,"27,936",boy-girl 
290,329,"41,671",boyfriend 
291,330,"9,089",boys 
292,331,"4,864",bra 
293,332,"12,583",branquinha 
294,333,"7,628",brasil 
295,334,"5,586",brasileira 
296,335,"12,597",brasileiro 
297,336,"15,724",brazil 
298,337,"9,428",brazilian 
299,338,"16,085",brazzers 
300,339,"5,521",breasts 
301,340,689,breeding 
302,341,"16,965",bribe 
303,342,"17,784",british 
304,343,"165,486",brown-eye 
305,344,"418,428",brunette 
306,345,"10,339",brunette-sex 
307,346,"18,978",brunettes 
308,347,"61,858",bubble 
309,348,"4,497",bubble-butt 
310,349,"87,308",bubblebutt 
311,350,"12,280",buceta 
312,351,"3,121",bucetinha 
313,352,"20,182",bucetuda 
314,353,"39,348",bukkake 
315,354,"82,998",bukkake-boys 
316,355,"126,808",bunda 
317,356,"4,246",bunda-grande 
318,357,"10,274",bunduda 
319,358,"12,113",bus 
320,359,"94,709",bush 
321,360,"179,891",busty 
322,361,"84,483",busty-milf 
323,362,"219,968",butt 
324,363,"53,837",butt-fuck 
325,364,"340,515",butt-plug 
326,365,"5,753",butt-sex 
327,366,"8,791",buttfucking 
328,367,"4,448",butthole 
329,368,"7,974",buttplug 
330,369,"4,928",butts 
331,370,"1,320",bwc 
332,371,"36,911",cachera 
333,372,"83,525",cachonda 
334,373,"14,022",caiu-na-net 
335,374,"119,383",calcinha 
336,375,"69,074",caliente 
337,376,"173,877",cam 
338,377,"232,319",cam-girl 
339,378,"4,595",cam-porn 
340,379,"44,119",cameltoe 
341,380,"25,436",camera 
342,381,"8,492",camgirl 
343,382,"4,149",camgirls 
344,383,"24,202",camporn 
345,384,"6,990",cams 
346,385,"8,714",camsex 
347,386,"6,778",camshow 
348,387,"4,465",camwhore 
349,388,"5,106",canada 
350,389,"3,485",canadian 
351,390,"15,074",candid 
352,391,"11,665",car 
353,392,"16,349",cartoon 
354,393,"8,010",casada 
355,394,"23,803",casado 
356,395,"14,037",casal 
357,396,"22,691",caseiro 
358,397,"4,693",casero 
359,398,"22,242",caseros 
360,399,"20,822",cash 
361,400,"4,650",casting 
362,401,"24,279",caucasian 
363,402,"3,031",caught 
364,403,"4,491",cavala 
365,404,"2,165",cbt 
366,405,452,cdmx 
367,406,"4,469",cdzinha 
368,407,"5,173",cei 
369,408,"5,497",celeb 
370,409,"9,138",celebrities 
371,410,"13,582",celebrity 
372,411,"173,329",celebrity-nudes 
373,412,"270,058",celebrity-porn 
374,413,"287,146",celebrity-sex 
375,414,"11,600",celebrity-sex-scene 
376,415,"5,779",cfnm 
377,416,"16,728",chastity 
378,417,"6,331",chat 
379,418,"8,194",chaturbate 
380,419,"25,485",cheat 
381,420,"67,231",cheating 
382,421,"5,079",cheating-wife 
383,422,"2,595",cheerleader 
384,423,"88,789",chibola 
385,424,"2,843",chica 
386,425,"34,259",chichona 
387,426,"4,841",chick 
388,427,"4,837",chile 
389,428,"7,071",chilena 
390,429,"9,057",china 
391,430,"6,637",chinese 
392,431,"31,667",christmas 
393,432,"6,025",chubby 
394,433,"10,032",chunky 
395,434,"41,695",chupada 
396,435,"166,504",chupando 
397,436,"7,765",circular-anal-gape 
398,437,"19,825",class 
399,438,"8,584",class-room 
400,439,"5,073",classic 
401,440,"11,480",classroom 
402,441,"8,922",classy 
403,442,"16,458",climax 
404,443,"34,846",clit 
405,444,"86,292",close 
406,445,"51,347",close-up 
407,446,"6,840",closeup 
408,447,"270,303",closeups 
409,448,"15,592",clothed-sex 
410,449,"398,259",club 
411,450,"250,286",cock 
412,451,"213,951",cock-suck 
413,452,"340,958",cock-suckers 
414,453,"33,924",cock-sucking 
415,454,"6,940",cocks 
416,455,"6,939",cocksucker 
417,456,"14,462",cocksuckers 
418,457,"6,456",cocksucking 
419,458,"8,040",coed 
420,459,"11,393",coeds 
421,460,"9,612",cogida 
422,461,"9,573",cogiendo 
423,462,"4,753",colegiala 
424,463,"17,299",collar 
425,464,"9,459",college 
426,465,"8,350",colombia 
427,466,"9,467",colombian 
428,467,"4,882",colombiana 
429,468,"1,792",comedor 
430,469,"15,094",comedy 
431,470,"22,379",comendo 
432,471,"280,722",compilation 
433,472,"12,182",con 
434,473,"4,841",condom 
435,474,"10,426",consolo 
436,475,"15,207",cop 
437,476,"11,115",corno 
438,477,"7,637",cornudo 
439,478,"26,078",coroa 
440,479,"10,568",corrida 
441,480,"7,494",cosplay 
442,481,"17,150",costume 
443,482,"25,197",couch 
444,483,"7,067",cougar 
445,484,"74,958",cougars 
446,485,"187,299",couple 
447,486,"233,788",couple-fucking 
448,487,"330,484",couple-porn 
449,488,"13,912",couple-sex 
450,489,"132,022",couples 
451,490,"61,749",couples-fucking 
452,491,"21,730",cowgirl 
453,492,"13,217",crazy 
454,493,"18,538",cream 
455,494,"67,715",cream-pie 
456,495,"13,114",creampie 
457,496,"215,671",creamy 
458,497,"6,536",creamy-pussy 
459,498,231,crossdresser 
460,499,"5,732",cruising 
461,500,"25,697",cuck 
462,501,"5,388",cuckold 
463,502,"3,751",cuckolding 
464,503,"7,274",culazo 
465,504,"131,836",culito 
466,505,"157,285",culo 
467,506,"18,719",culo-grande 
468,507,"3,710",culona 
469,508,"4,086",culonas 
470,509,"211,331",culote 
471,510,"114,093",cum 
472,511,"142,856",cum-eater 
473,512,"398,546",cum-eating 
474,513,"632,750",cum-in-mouth 
475,514,"137,154",cum-in-pussy 
476,515,"541,743",cum-inside 
477,516,"279,592",cum-on-ass 
478,517,"530,919",cum-on-face 
479,518,"508,742",cum-on-pussy 
480,519,"123,457",cum-on-tits 
481,520,"129,588",cum-shot 
482,521,"121,351",cum-swallow 
483,522,"118,106",cum-swallowing 
484,523,687,cum-tribute 
485,524,"7,464",cumfacial 
486,525,"6,867",cuminmouth 
487,526,"24,729",cumload 
488,527,"209,720",cumming 
489,528,"25,195",cumshot 
490,529,"3,538",cumshots 
491,530,"3,146",cumslut 
492,531,400,cumswallow 
493,532,"12,348",cumtribute 
494,533,"33,330",cunnilingus 
495,534,"6,442",cunt 
496,535,"8,060",curious 
497,536,"24,362",curves 
498,537,"52,525",curvy 
499,538,"12,431",curvy-body 
500,539,"71,882",cut 
501,540,"20,176",cute 
502,541,"14,947",cutie 
503,542,"18,646",cuzinho 
504,543,"14,168",czech 
505,544,"14,136",daddy 
506,545,"12,752",dance 
507,546,899,dancing 
508,547,"8,179",danish 
509,548,"171,823",daring 
510,549,"396,955",ddf-porn 
511,550,"68,303",de-quatro 
512,551,"71,724",deep 
513,552,"84,080",deep-throat 
514,553,"10,455",deepthroat 
515,554,"7,805",defloration 
516,555,"9,450",deflowered 
517,556,"18,881",delicia 
518,557,"16,289",desi 
519,558,"4,859",desnuda 
520,559,"9,168",desperate 
521,560,"7,961",deutsch 
522,561,"258,836",deutsche 
523,562,"180,616",dick 
524,563,"143,539",dick-suck 
525,564,"272,023",dick-suckers 
526,565,"429,958",dick-sucking 
527,566,"312,999",dick-sucking-porn 
528,567,"29,558",dick-sucking-videos 
529,568,"8,389",dicks 
530,569,"93,152",dicksucking 
531,570,"204,207",dildo 
532,571,"13,822",dildo-fucking 
533,572,"31,475",dildos 
534,573,"33,158",dirty 
535,574,"16,007",dirty-talk 
536,575,"188,597",doctor 
537,576,"4,320",doggie-style-porn 
538,577,"36,927",dogging 
539,578,"53,555",doggy 
540,579,"212,571",doggy-style 
541,580,"117,163",doggy-style-porn 
542,581,"273,122",doggystyle 
543,582,"10,285",doggystyle-porn 
544,583,"6,583",doll 
545,584,"10,631",dom 
546,585,"8,579",domina 
547,586,"5,667",dominant 
548,587,"35,117",dominate 
549,588,"9,842",domination 
550,589,"4,159",dominatrix 
551,590,"11,966",dorm 
552,591,"29,131",dotado 
553,592,"172,868",double 
554,593,"263,025",double-anal-dap 
555,594,"37,725",double-blowjob 
556,595,"43,714",double-penetration 
557,596,"4,849",double-penetration-dp 
558,597,"11,876",doublepenetration 
559,598,"75,550",dress 
560,599,"4,891",duro 
561,600,"7,594",dutch 
562,601,"5,411",dyke 
563,602,"40,771",dykes 
564,603,"238,996",eating 
565,604,"87,300",eating-pussy 
566,605,"3,079",ebony 
567,606,"3,149",ecchi 
568,607,"4,731",ecuador 
569,608,"22,487",edging 
570,609,"23,712",ejaculation 
571,610,"159,625",emo 
572,611,"224,134",emo-gay 
573,612,"10,847",en-cuatro 
574,613,"265,316",english 
575,614,"4,347",enthusiastic-sex 
576,615,"33,355",eroge 
577,616,"17,584",erotic 
578,617,"4,815",erotica 
579,618,"9,271",escort 
580,619,"58,981",espanol 
581,620,"4,181",esposa 
582,621,"35,306",ethnic 
583,622,"198,434",euro 
584,623,"6,866",euro-porn 
585,624,"49,533",eurobabe 
586,625,"210,669",european 
587,626,"8,068",european-porn 
588,627,"51,658",eurosex 
589,628,"6,665",ex-girlfriend 
590,629,7,exgf 
591,630,"2,899",exhi 
592,631,"6,731",exhib 
593,632,"7,658",exhibition 
594,633,"3,158",exhibitionist 
595,634,"7,595",exibicionismo 
596,635,"7,743",exotic 
597,636,"24,899",exposed 
598,637,"51,812",extreme 
599,638,"191,620",face 
600,639,"166,629",face-fuck 
601,640,"42,128",face-fucking 
602,641,"4,983",face-sitting 
603,642,"7,140",facebook 
604,643,"14,111",facefuck 
605,644,"106,147",facesitting 
606,645,"204,550",facial 
607,646,"15,845",facial-cumshot 
608,647,"195,649",facials 
609,648,"8,955",fake-tits 
610,649,"45,213",familia 
611,650,"203,219",family 
612,651,"34,866",family-porn 
613,652,"301,023",family-roleplay 
614,653,"65,030",family-sex 
615,654,"36,843",family-taboo 
616,655,"69,050",fantasy 
617,656,"5,106",fantasy-massage 
618,657,"42,290",farting 
619,658,"249,546",fat 
620,659,"167,683",fat-ass 
621,660,"239,074",fat-dick 
622,661,"27,519",fat-pussy 
623,662,"8,563",feet 
624,663,"27,529",fellatio 
625,664,"42,939",female 
626,665,"75,874",female-domination 
627,666,459,female-orgasm 
628,667,"38,053",femboy 
629,668,"32,465",femdom 
630,669,"98,975",femdom-clips 
631,670,"13,753",femdom-pov 
632,671,"126,118",fetiche 
633,672,"9,262",fetish 
634,673,"5,595",ffm 
635,674,"19,139",filipina 
636,675,"97,800",finger 
637,676,"18,741",fingering 
638,677,"64,372",fingers 
639,678,"93,057",first 
640,679,"4,620",first-time 
641,680,"9,552",firsttime 
642,681,"6,663",fishnet 
643,682,"23,753",fishnets 
644,683,"19,164",fist 
645,684,"11,992",fisting 
646,685,"7,150",fit 
647,686,"10,903",fitness 
648,687,"2,723",flaca 
649,688,"3,516",flagra 
650,689,"5,537",flaquita 
651,690,"9,841",flash 
652,691,873,flashing 
653,692,"6,032",fleshlight 
654,693,"5,016",flexible 
655,694,"50,669",flogging 
656,695,"87,535",foda 
657,696,"46,507",follada 
658,697,"5,959",follando 
659,698,"21,707",food 
660,699,"84,794",foot 
661,700,"49,509",foot-fetish 
662,701,"28,304",foot-job 
663,702,"7,142",foot-worship 
664,703,"13,194",footfetish 
665,704,"192,452",footjob 
666,705,"6,959",for 
667,706,"6,350",forbidden 
668,707,571,foreplay 
669,708,"10,782",foreskin 
670,709,"5,784",foursome 
671,710,"6,952",francais 
672,711,"5,872",francaise 
673,712,"8,590",france 
674,713,"132,782",freak 
675,714,"299,489",free 
676,715,"515,098",free-18-year-old-porn 
677,716,"557,305",free-amateur-porn 
678,717,"454,529",free-amateur-porn-videos 
679,718,"399,171",free-amateur-video 
680,719,"250,332",free-amateur-videos 
681,720,"300,869",free-amatuer-porn 
682,721,"141,469",free-amatuer-porn-videos 
683,722,"253,327",free-amatuer-videos 
684,723,"305,827",free-amature-porn 
685,724,"144,016",free-amature-porn-videos 
686,725,"154,236",free-amature-videos 
687,726,"314,100",free-blow-job 
688,727,"256,827",free-blow-job-porn 
689,728,"208,432",free-blow-job-video 
690,729,"518,603",free-blow-job-videos 
691,730,"404,964",free-blowjob-porn 
692,731,"121,620",free-blowjob-videos 
693,732,"266,025",free-blowjobs 
694,733,"223,677",free-fuck 
695,734,"369,949",free-fuck-clips 
696,735,"314,912",free-fuck-video 
697,736,"215,021",free-fuck-videos 
698,737,"242,804",free-fuck-vidz 
699,738,"342,661",free-fucking 
700,739,"289,470",free-fucking-video 
701,740,"327,705",free-fucking-videos 
702,741,"334,216",free-hard-core-porn 
703,742,"490,557",free-hardcore 
704,743,"534,271",free-hardcore-porn 
705,744,"376,292",free-hardcore-porn-videos 
706,745,"499,480",free-hardcore-videos 
707,746,"332,660",free-oral-sex-videos 
708,747,"514,945",free-petite-porn 
709,748,"490,576",free-porn-amateur 
710,749,"325,382",free-porn-hardcore 
711,750,"311,273",free-real-porn 
712,751,"407,008",free-rough-porn 
713,752,"563,379",free-rough-sex 
714,753,"247,186",free-rough-sex-porn 
715,754,"84,078",free-teenage-porn 
716,755,"4,867",free-use 
717,756,"6,174",freeporn 
718,757,"5,578",freeteenporn 
719,758,"14,851",freeuse 
720,759,"178,713",french 
721,760,"40,275",french-porn 
722,761,"24,758",friend 
723,762,"50,890",friends 
724,763,"5,331",ftv-girls 
725,764,"280,630",ftvgirls 
726,765,"308,224",fuck 
727,766,"464,605",fuck-hard 
728,767,"352,996",fuck-her-hard 
729,768,"520,221",fuck-me-hard 
730,769,"596,936",fuck-my-pussy 
731,770,"436,163",fuck-my-pussy-hard 
732,771,"475,791",fuck-porn 
733,772,"349,433",fuck-pussy 
734,773,"254,030",fuck-video 
735,774,"147,081",fuck-videos 
736,775,"133,676",fucked 
737,776,"227,768",fucked-bareback 
738,777,"305,515",fucked-hard 
739,778,"165,701",fucked-in-cruising 
740,779,"233,324",fucked-up-family 
741,780,"190,356",fucking 
742,781,"284,511",fucking-girls 
743,782,"428,532",fucking-hard 
744,783,"486,933",fucking-pussy 
745,784,"324,867",fucking-sex 
746,785,"225,079",fucking-video 
747,786,"72,668",fucking-videos 
748,787,"8,979",fucks 
749,788,"52,783",fudendo 
750,789,"61,216",full 
751,790,"36,880",full-movie 
752,791,"5,434",fun 
753,792,"9,222",funk 
754,793,"5,446",funny 
755,794,"3,637",furry 
756,795,"3,469",futa 
757,796,"10,335",futanari 
758,797,"20,455",gag 
759,798,"9,882",gagging 
760,799,"19,926",gal 
761,800,"6,979",game 
762,801,"22,521",gameplay 
763,802,"34,914",gang-bang 
764,803,"20,405",gangbang 
765,804,"15,489",gape 
766,805,"42,241",gape-farts 
767,806,"25,380",gapes-gaping-asshole 
768,807,"23,280",gaping 
769,808,"41,403",garganta-profunda 
770,809,"274,699",gata 
771,810,"153,799",gay 
772,811,"504,527",gay-3some 
773,812,"428,039",gay-amateur 
774,813,"141,281",gay-anal 
775,814,"142,853",gay-averagedick 
776,815,"159,940",gay-baitbus 
777,816,"193,319",gay-bang 
778,817,"167,761",gay-bareback 
779,818,"296,135",gay-bareback-jockstrap 
780,819,"145,721",gay-black 
781,820,"145,750",gay-blackhair 
782,821,"511,460",gay-blondhair 
783,822,"181,402",gay-blowjob 
784,823,"145,889",gay-bondage 
785,824,"177,251",gay-boyporn 
786,825,"145,269",gay-boys 
787,826,"146,110",gay-boysporn 
788,827,"144,499",gay-broken 
789,828,"154,362",gay-brokenboys 
790,829,"155,010",gay-brownhair 
791,830,"143,200",gay-bukkake 
792,831,"143,268",gay-bukkakeboy 
793,832,"145,975",gay-bukkakeboys 
794,833,"157,335",gay-bus 
795,834,"142,636",gay-cash 
796,835,"477,501",gay-clinic 
797,836,"344,839",gay-cock 
798,837,"160,098",gay-cumshot 
799,838,"148,812",gay-cumshots 
800,839,"219,029",gay-cut 
801,840,"151,081",gay-deepthroat 
802,841,"169,941",gay-doctor 
803,842,"149,446",gay-domination 
804,843,"146,916",gay-dudes 
805,844,"241,059",gay-encouragement 
806,845,"261,232",gay-facial 
807,846,"176,399",gay-fetish 
808,847,"415,957",gay-friend 
809,848,"368,480",gay-fuck 
810,849,"169,872",gay-fucking 
811,850,"156,472",gay-gangbang 
812,851,"200,777",gay-gloryhole 
813,852,"187,652",gay-group 
814,853,"233,181",gay-hairy 
815,854,"481,703",gay-handjob 
816,855,"147,111",gay-hardcore 
817,856,"259,331",gay-hunks 
818,857,"179,839",gay-interracial 
819,858,"143,038",gay-kissing 
820,859,"361,859",gay-largedick 
821,860,"144,859",gay-masturbation 
822,861,"146,126",gay-medic 
823,862,"142,692",gay-medical 
824,863,"163,334",gay-military 
825,864,"228,055",gay-money 
826,865,"145,933",gay-natural 
827,866,"170,797",gay-oralsex 
828,867,"178,381",gay-orgy 
829,868,"142,149",gay-outdoor 
830,869,"168,121",gay-outinpublic 
831,870,"143,878",gay-party 
832,871,"142,437",gay-pawn 
833,872,"141,837",gay-pawnshop 
834,873,"145,066",gay-physicalexamination 
835,874,"165,741",gay-physicals 
836,875,"157,240",gay-pig-play 
837,876,"439,715",gay-pissing 
838,877,"214,313",gay-porn 
839,878,"186,381",gay-pornstar 
840,879,"203,690",gay-public 
841,880,"157,406",gay-reality 
842,881,"536,446",gay-rimming 
843,882,"226,989",gay-sex 
844,883,"146,584",gay-shaved 
845,884,"142,335",gay-shop 
846,885,"258,132",gay-shorthair 
847,886,"144,318",gay-solo 
848,887,"178,706",gay-spank 
849,888,"197,644",gay-straight 
850,889,"154,874",gay-straight-boys 
851,890,"157,885",gay-studs 
852,891,"205,092",gay-tattoos 
853,892,"155,814",gay-toys 
854,893,"205,842",gay-trimmed 
855,894,"150,925",gay-twinks 
856,895,"152,115",gay-uncut 
857,896,2,gay-uniform 
858,897,5,gaybukkake 
859,898,5,gayclips 
860,899,0,gaycum 
861,900,38,gaydudes 
862,901,0,gayemo 
863,902,1,gayfuck 
864,903,2,gaygroup 
865,904,0,gaygroupsex 
866,905,1,gayhardcore 
867,906,84,gaypawn 
868,907,120,gayporn 
869,908,167,gays 
870,909,"7,470",gaysex 
871,910,"4,888",gemendo 
872,911,"20,958",gemidos 
873,912,"12,130",german 
874,913,"8,952",ghetto 
875,914,"7,500",gilf 
876,915,"212,329",ginger 
877,916,"347,190",girl 
878,917,"327,095",girl-fuck 
879,918,"318,052",girl-fucked-hard 
880,919,"313,852",girl-get-fuck 
881,920,"311,964",girl-gets-fucked 
882,921,"435,710",girl-girl 
883,922,"373,216",girl-on-girl 
884,923,"66,780",girl-sucking-dick 
885,924,"10,777",girlfriend 
886,925,"4,479",girlfriends 
887,926,"79,743",girlongirl 
888,927,"190,427",girls 
889,928,"170,640",girls-fucking 
890,929,"7,109",girls-getting-fucked 
891,930,"7,080",girlsfucking 
892,931,"7,434",glam 
893,932,"18,940",glamcore 
894,933,"181,937",glamour 
895,934,"14,215",glamour-porn 
896,935,"28,846",glasses 
897,936,"21,655",glory-hole 
898,937,"11,572",gloryhole 
899,938,"9,957",gloryholes 
900,939,"4,126",goddess 
901,940,"10,350",goldenshower 
902,941,"43,657",gonzo 
903,942,"15,214",good 
904,943,"3,676",gorda 
905,944,"10,142",gordibuena 
906,945,"10,240",gordinha 
907,946,"29,129",gordita 
908,947,"83,851",gorgeous 
909,948,"12,426",gostosa 
910,949,"32,246",gostosas 
911,950,"10,083",gostoso 
912,951,"24,814",goth 
913,952,"21,486",gozada 
914,953,"27,467",gozando 
915,954,"96,587",gozando-dentro 
916,955,"6,442",grande 
917,956,"16,171",grandpa 
918,957,"166,783",granny 
919,958,"13,300",great-fuck 
920,959,"3,208",green-eye 
921,960,"119,491",gritona 
922,961,"65,205",gros-seins 
923,962,"321,389",group 
924,963,"11,231",group-sex 
925,964,"55,468",groupsex 
926,965,"123,733",guy 
927,966,13,guy-fucks-shemale 
928,967,"9,243",guyonshemale 
929,968,"31,404",gym 
930,969,"51,580",hair 
931,970,"251,624",hairy 
932,971,"3,967",hairy-pussy 
933,972,"14,530",hairypussy 
934,973,"97,845",hand 
935,974,"10,304",handjob 
936,975,"10,791",handjobs 
937,976,"173,683",handsome 
938,977,"481,588",hard 
939,978,"367,275",hard-and-fast-fucking 
940,979,"327,666",hard-cock 
941,980,"263,492",hard-core-free-porn 
942,981,"361,579",hard-core-porn 
943,982,"308,224",hard-core-sex 
944,983,"284,515",hard-fuck 
945,984,"330,451",hard-fucking 
946,985,"423,405",hard-porn 
947,986,"429,206",hard-rough-sex 
948,987,"406,622",hard-sex 
949,988,"490,620",hardcore 
950,989,"477,668",hardcore-free-porn 
951,990,"430,052",hardcore-fuck 
952,991,"481,819",hardcore-fucking 
953,992,"521,545",hardcore-gay 
954,993,"490,587",hardcore-porn 
955,994,"475,734",hardcore-porn-free 
956,995,"329,959",hardcore-porn-videos 
957,996,"539,779",hardcore-porno 
958,997,"660,448",hardcore-rough-sex 
959,998,"570,825",hardcore-sex 
960,999,"411,947",hardcore-sex-videos 
961,1000,"317,535",hardcore-video 
962,1001,"7,021",hardcore-videos 
963,1002,"4,445",hardcoresex 
964,1003,"6,251",hardfuck 
965,1004,"49,048",hardon 
966,1005,"225,954",hardsex 
967,1006,"28,004",hd-porn 
968,1007,"25,787",head 
969,1008,"23,610",heels 
970,1009,"33,216",hentai 
971,1010,"322,891",hentai-game 
972,1011,"9,794",her 
973,1012,"29,224",hermana 
974,1013,"14,926",hermosa 
975,1014,"13,158",hetero 
976,1015,"45,507",hidden 
977,1016,"34,504",hidden-cam 
978,1017,"3,615",hidden-camera 
979,1018,"26,561",hiddencam 
980,1019,"35,956",high 
981,1020,"9,430",high-heels 
982,1021,"5,749",highheels 
983,1022,"9,276",hijab 
984,1023,"3,424",hindi 
985,1024,"4,710",hispanic 
986,1025,"6,083",hitachi 
987,1026,"3,777",hoe 
988,1027,"33,603",hogtied 
989,1028,"20,480",hole 
990,1029,"24,379",hole-breeded 
991,1030,"36,591",hole-creampied 
992,1031,"140,598",home 
993,1032,"123,176",home-video 
994,1033,"6,169",homemade 
995,1034,144,homevideo 
996,1035,55,homo 
997,1036,"9,643",homosexual 
998,1037,"4,828",hood 
999,1038,"137,020",hooker 
1000,1039,"156,917",horny 
1001,1040,"97,859",horny-slut 
1002,1041,"293,706",horny-sluts 
1003,1042,"200,416",hot 
1004,1043,"306,771",hot-blow-jobs 
1005,1044,"274,455",hot-brunette 
1006,1045,"471,177",hot-chicks-fucking 
1007,1046,"179,622",hot-couple-sex 
1008,1047,"421,249",hot-cunt 
1009,1048,"374,091",hot-fuck 
1010,1049,"354,110",hot-fucking 
1011,1050,"489,287",hot-girl 
1012,1051,"463,893",hot-girl-fuck 
1013,1052,"512,201",hot-girl-fucking 
1014,1053,"549,262",hot-girl-porn 
1015,1054,"333,587",hot-girl-pussy 
1016,1055,"311,828",hot-girls-fucking 
1017,1056,"321,129",hot-girls-getting-fucked 
1018,1057,"301,457",hot-milf 
1019,1058,"547,240",hot-naked-girl 
1020,1059,"176,896",hot-sex 
1021,1060,"486,099",hot-sluts 
1022,1061,"169,649",hot-teen 
1023,1062,"226,982",hot-whores 
1024,1063,"301,188",hot-wife 
1025,1064,"458,987",hot-women-fucking 
1026,1065,"16,167",hot-women-having-sex 
1027,1066,"7,109",hotel 
1028,1067,"7,335",hotfuck 
1029,1068,"26,228",hotporn 
1030,1069,"12,564",hottie 
1031,1070,"20,643",hotwife 
1032,1071,"75,005",housewife 
1033,1072,"204,337",huge 
1034,1073,"281,807",huge-anal-gape 
1035,1074,"148,047",huge-ass 
1036,1075,"269,089",huge-boobs 
1037,1076,"199,406",huge-cock 
1038,1077,"117,051",huge-dick 
1039,1078,"248,996",huge-dildo 
1040,1079,"11,322",huge-tits 
1041,1080,"4,157",hugecock 
1042,1081,"26,665",hugetits 
1043,1082,"11,706",humiliation 
1044,1083,"7,456",hung 
1045,1084,"20,953",hungarian 
1046,1085,"10,867",hunk 
1047,1086,"26,144",hunks 
1048,1087,"13,457",husband 
1049,1088,"3,749",hymen 
1050,1089,"14,982",imvu 
1051,1090,"30,101",india 
1052,1091,"290,065",indian 
1053,1092,"3,162",indian-sex 
1054,1093,"12,325",indonesia 
1055,1094,"11,569",indoor 
1056,1095,"14,185",infiel 
1057,1096,"7,600",ink 
1058,1097,"11,002",inked 
1059,1098,"174,424",innocent 
1060,1099,"17,326",insane-porn 
1061,1100,"9,631",insertion 
1062,1101,"15,950",instagram 
1063,1102,"4,277",interacial 
1064,1103,"124,185",internal 
1065,1104,"379,636",interracial 
1066,1105,"10,235",interracial-sex 
1067,1106,"11,564",interview 
1068,1107,"6,614",italian 
1069,1108,"9,032",italiano 
1070,1109,"51,953",jacking 
1071,1110,"1,900",jacking-off 
1072,1111,"13,141",jap 
1073,1112,"42,746",japan 
1074,1113,"13,147",japanese 
1075,1114,"7,461",jav 
1076,1115,"24,364",jeans 
1077,1116,"65,595",jerk 
1078,1117,"57,482",jerk-off 
1079,1118,"30,320",jerk-off-instruction 
1080,1119,"71,416",jerking 
1081,1120,"7,161",jerking-off 
1082,1121,"75,719",jerkoff 
1083,1122,"18,489",jeune-mec 
1084,1123,"60,757",jizz 
1085,1124,"9,611",job 
1086,1125,448,jock 
1087,1126,30,jocks 
1088,1127,"15,907",jockstrap 
1089,1128,"44,497",joi 
1090,1129,"15,306",joven 
1091,1130,"23,988",jovencita 
1092,1131,"223,799",juicy 
1093,1132,"15,657",juicy-pussy 
1094,1133,"24,586",kink 
1095,1134,"14,594",kinky 
1096,1135,"44,703",kiss 
1097,1136,"11,118",kissing 
1098,1137,"2,655",kitchen 
1099,1138,"6,192",korea 
1100,1139,"22,166",korean 
1101,1140,181,lady 
1102,1141,"10,113",ladyboy 
1103,1142,"19,884",latex 
1104,1143,"90,975",latin 
1105,1144,"7,905",latina 
1106,1145,"16,241",latinas 
1107,1146,"54,473",latino 
1108,1147,"1,309",latino-twink 
1109,1148,"7,657",latinos 
1110,1149,"25,472",leather 
1111,1150,"5,368",leche 
1112,1151,"22,184",leggings 
1113,1152,"14,086",legs 
1114,1153,"11,451",leite 
1115,1154,"91,996",lenceria 
1116,1155,"97,722",les 
1117,1156,"93,197",lesbian 
1118,1157,"206,453",lesbian-kissing 
1119,1158,"255,482",lesbian-masturbation 
1120,1159,"333,927",lesbian-porn 
1121,1160,"352,576",lesbian-pussy-licking 
1122,1161,"52,332",lesbian-sex 
1123,1162,"6,976",lesbians 
1124,1163,"38,821",lesbiansex 
1125,1164,"8,513",lesbo 
1126,1165,"40,821",lesbos 
1127,1166,"6,210",lets-play 
1128,1167,"25,534",letsdoeit 
1129,1168,"167,897",lez 
1130,1169,"225,259",lez-fuck 
1131,1170,"8,295",lez-hardcore 
1132,1171,"6,073",lezbi 
1133,1172,"26,438",lezdom 
1134,1173,"93,900",lick 
1135,1174,"290,788",licking 
1136,1175,"20,945",licking-pussy 
1137,1176,"6,179",light-brown-skin 
1138,1177,"47,401",lima 
1139,1178,"52,838",linda 
1140,1179,"14,081",lingerie 
1141,1180,"40,648",lips 
1142,1181,"34,821",little 
1143,1182,"8,035",live 
1144,1183,"5,485",livecam 
1145,1184,"6,552",livecams 
1146,1185,"23,356",livesex 
1147,1186,"56,953",load 
1148,1187,"35,672",loira 
1149,1188,"49,189",long 
1150,1189,"1,037",long-hair 
1151,1190,"64,429",lori 
1152,1191,"59,622",love 
1153,1192,"9,917",love-making 
1154,1193,"10,614",lovers 
1155,1194,"9,563",machine 
1156,1195,"21,042",macho 
1157,1196,"7,154",madura 
1158,1197,"13,707",maduras 
1159,1198,"6,559",maduro 
1160,1199,"10,603",magrinha 
1161,1200,"216,848",maid 
1162,1201,"26,258",making-love-porn 
1163,1202,"6,641",male 
1164,1203,"4,196",maledom 
1165,1204,"18,358",mallu 
1166,1205,"49,931",mama 
1167,1206,"7,734",mamada 
1168,1207,"8,430",mamadas 
1169,1208,"53,539",mamando 
1170,1209,"4,489",man 
1171,1210,"22,669",manga 
1172,1211,"16,032",marido 
1173,1212,"6,154",married 
1174,1213,"71,834",mask 
1175,1214,"42,950",massage 
1176,1215,"332,521",massage-creep 
1177,1216,"12,081",massage-sex 
1178,1217,"12,599",massages 
1179,1218,"23,517",masseur 
1180,1219,"17,852",masseuse 
1181,1220,"12,997",massive 
1182,1221,"8,451",master 
1183,1222,"7,225",masterbate 
1184,1223,"23,764",masterbation 
1185,1224,"26,708",masturbacao 
1186,1225,"33,710",masturbacion 
1187,1226,"27,496",masturbando 
1188,1227,"59,057",masturbandose 
1189,1228,"21,643",masturbate 
1190,1229,"46,006",masturbates 
1191,1230,"226,437",masturbating 
1192,1231,"83,078",masturbation 
1193,1232,"75,275",mature 
1194,1233,"7,417",mature-woman 
1195,1234,"32,951",matures 
1196,1235,"17,150",mec-muscle 
1197,1236,"16,996",mec-tbm 
1198,1237,"34,212",mec-viril 
1199,1238,"8,446",men 
1200,1239,"11,063",menage 
1201,1240,"6,142",messy 
1202,1241,"10,853",metendo 
1203,1242,"13,772",mexican 
1204,1243,"5,734",mexicana 
1205,1244,"8,028",mexicano 
1206,1245,"179,402",mexico 
1207,1246,"325,586",milf 
1208,1247,"407,954",milf-anal 
1209,1248,"314,839",milf-blowjob 
1210,1249,"335,391",milf-fuck 
1211,1250,"433,173",milf-porn 
1212,1251,"16,056",milf-sex 
1213,1252,"16,015",milfs 
1214,1253,"5,797",milk 
1215,1254,"4,799",milking 
1216,1255,"37,246",miniskirt 
1217,1256,"198,632",missionary 
1218,1257,"193,532",missionary-porn 
1219,1258,"17,802",missionary-position-porn 
1220,1259,"3,163",mistress 
1221,1260,"6,209",mmd 
1222,1261,"8,110",mmf 
1223,1262,"16,614",moan 
1224,1263,"21,124",moaning 
1225,1264,"8,950",model 
1226,1265,"6,798",mofos 
1227,1266,"38,430",mojada 
1228,1267,"7,951",mom 
1229,1268,"6,485",mommy 
1230,1269,"28,438",moms 
1231,1270,"31,143",money 
1232,1271,"18,531",money-talks 
1233,1272,"24,319",moneytalks 
1234,1273,"224,398",monster 
1235,1274,"6,543",monster-cock 
1236,1275,"46,093",monstercock 
1237,1276,"5,624",morena 
1238,1277,"3,577",moreno 
1239,1278,"8,559",morrita 
1240,1279,"69,048",motel 
1241,1280,"209,225",mouth 
1242,1281,"40,005",mouth-fuck 
1243,1282,"23,665",movie 
1244,1283,"24,559",movies 
1245,1284,"4,664",mujer 
1246,1285,"18,003",mulata 
1247,1286,"19,625",multiple-orgasms 
1248,1287,"47,312",muscle 
1249,1288,"1,558",muscle-boy 
1250,1289,"12,245",muscles 
1251,1290,"43,700",muscular 
1252,1291,"41,624",muscular-body 
1253,1292,"8,488",muscular-guy 
1254,1293,"5,376",music 
1255,1294,"4,110",muslim 
1256,1295,"54,276",naija 
1257,1296,"311,147",naked 
1258,1297,"58,643",naked-sex 
1259,1298,"182,840",naked-sluts 
1260,1299,"6,213",naked-women-fucking 
1261,1300,"7,848",nalgas 
1262,1301,"30,263",nalgona 
1263,1302,"31,462",namorada 
1264,1303,"257,369",nasty 
1265,1304,"194,609",nasty-free-porn 
1266,1305,"93,051",nasty-porn 
1267,1306,"167,008",natural 
1268,1307,"266,697",natural-boobs 
1269,1308,"8,190",natural-tits 
1270,1309,"40,688",naturaltits 
1271,1310,"6,350",naughty 
1272,1311,"32,971",negao 
1273,1312,"47,753",negra 
1274,1313,"13,150",negro 
1275,1314,"9,310",neighbor 
1276,1315,"45,859",nerd 
1277,1316,"7,135",new 
1278,1317,"42,062",newbie 
1279,1318,"250,372",nice 
1280,1319,"217,290",nice-ass 
1281,1320,"4,393",nice-tits 
1282,1321,"6,989",nigeria 
1283,1322,"10,173",ninfeta 
1284,1323,"19,923",nipple 
1285,1324,"87,540",nipples 
1286,1325,"94,051",no-capote 
1287,1326,"111,487",no-condom 
1288,1327,"33,841",no-pelo 
1289,1328,"23,413",novia 
1290,1329,"3,852",novinha 
1291,1330,"11,129",novinhas 
1292,1331,"38,817",novinho 
1293,1332,"6,316",nude 
1294,1333,"5,326",nudes 
1295,1334,"8,774",nudity 
1296,1335,"16,081",nurse 
1297,1336,"51,957",nuru 
1298,1337,"6,310",nuru-massage 
1299,1338,"9,335",nurugel 
1300,1339,"8,958",nurumassage 
1301,1340,"5,970",nylon 
1302,1341,"80,477",nylons 
1303,1342,"23,518",off 
1304,1343,"164,686",office 
1305,1344,"283,166",office-fuck 
1306,1345,"10,198",office-sex 
1307,1346,"23,348",officer 
1308,1347,"24,253",oil 
1309,1348,"68,124",oiled 
1310,1349,"408,813",old 
1311,1350,"86,562",old-and-young 
1312,1351,"117,528",old-man 
1313,1352,"138,881",old-vs-young 
1314,1353,"18,265",old-young 
1315,1354,"3,166",older 
1316,1355,"6,792",olderwoman 
1317,1356,"4,920",oldvsyoung 
1318,1357,"44,770",oldyoung 
1319,1358,"187,233",one 
1320,1359,"175,693",one-on-one 
1321,1360,"76,968",only-anal 
1322,1361,"139,706",only-white-men 
1323,1362,"294,548",oral 
1324,1363,"393,819",oral-porn 
1325,1364,"548,247",oral-sex 
1326,1365,"493,520",oral-sex-porn 
1327,1366,"439,650",oral-sex-video 
1328,1367,"11,066",oral-sex-videos 
1329,1368,"4,940",oralsex 
1330,1369,"95,577",orgame 
1331,1370,"22,318",orgasm 
1332,1371,"17,411",orgasmo 
1333,1372,"20,186",orgasms 
1334,1373,"12,187",orgasmus 
1335,1374,"35,892",orgia 
1336,1375,"8,130",orgy 
1337,1376,"43,462",oriental 
1338,1377,"16,048",outdoor 
1339,1378,"10,030",outdoors 
1340,1379,"3,264",outside 
1341,1380,"4,431",overwatch 
1342,1381,"5,329",pack 
1343,1382,"22,711",pain 
1344,1383,"8,223",paja 
1345,1384,"54,424",pale 
1346,1385,"4,989",pale-white-skin 
1347,1386,"29,275",panocha 
1348,1387,"10,245",panties 
1349,1388,"13,212",panty 
1350,1389,"22,583",pantyhose 
1351,1390,"4,966",pareja 
1352,1391,"33,307",parody 
1353,1392,330,party 
1354,1393,"9,538",pasivo 
1355,1394,"12,742",passion 
1356,1395,"273,765",passionate 
1357,1396,305,passionate-sex 
1358,1397,"136,569",passivo 
1359,1398,"159,235",pau 
1360,1399,"118,680",pau-grande 
1361,1400,"1,654",pau-grosso 
1362,1401,"4,902",pauzao 
1363,1402,"21,037",pauzudo 
1364,1403,"15,255",pawg 
1365,1404,"218,761",pay 
1366,1405,"12,859",pear-ass 
1367,1406,"9,607",pee 
1368,1407,"6,091",peeing 
1369,1408,"28,961",pegging 
1370,1409,"36,958",peitos 
1371,1410,"13,474",peituda 
1372,1411,"16,993",peluda 
1373,1412,"4,511",peludo 
1374,1413,"16,294",pendeja 
1375,1414,"24,213",pene 
1376,1415,"25,360",penetration 
1377,1416,"289,804",penis 
1378,1417,"52,672",people-having-sex 
1379,1418,"263,627",perfect 
1380,1419,"83,604",perfect-ass 
1381,1420,"239,947",perfect-body 
1382,1421,"96,998",perfect-body-porn 
1383,1422,"316,138",perfect-butt 
1384,1423,"214,978",perfect-girl-porn 
1385,1424,"254,148",perfect-porn 
1386,1425,"209,305",perfect-pussy 
1387,1426,"251,117",perfect-shape-tits 
1388,1427,"231,236",perfect-teen 
1389,1428,"10,080",perfect-tits 
1390,1429,"18,597",perfil-verificado 
1391,1430,"16,822",perra 
1392,1431,"7,363",perrito 
1393,1432,"5,202",peru 
1394,1433,"12,573",peruana 
1395,1434,"11,914",pervert 
1396,1435,"4,174",perverted 
1397,1436,"109,209",pete 
1398,1437,"367,484",petite 
1399,1438,"266,478",petite-girl-porn 
1400,1439,"302,306",petite-porn 
1401,1440,"103,270",petite-teen 
1402,1441,"10,574",petite-teenager 
1403,1442,"223,497",phat 
1404,1443,"9,161",phat-ass 
1405,1444,"5,130",pica 
1406,1445,"9,427",pickup 
1407,1446,"18,740",pierced 
1408,1447,"16,498",pierced-nipples 
1409,1448,"6,793",piercing 
1410,1449,"4,795",piercings 
1411,1450,"6,143",pigtails 
1412,1451,"6,322",pija 
1413,1452,"22,285",pinay 
1414,1453,"200,766",pink 
1415,1454,"1,107",pink-pussy 
1416,1455,"4,875",pinoy 
1417,1456,"21,115",piroca 
1418,1457,"17,445",piss 
1419,1458,"22,184",piss-drinking 
1420,1459,"47,443",pissing 
1421,1460,"30,966",play 
1422,1461,"10,612",playing 
1423,1462,"8,334",plug 
1424,1463,"8,571",plump 
1425,1464,"2,961",plumper 
1426,1465,"119,389",pmv 
1427,1466,"11,719",point-of-view 
1428,1467,"6,028",police 
1429,1468,"154,806",polish 
1430,1469,"12,496",polla 
1431,1470,"324,535",pool 
1432,1471,"545,566",porn 
1433,1472,"216,075",porn-amateur 
1434,1473,"182,389",porn-blow-jobs 
1435,1474,"519,221",porn-game 
1436,1475,"193,530",porn-pussy 
1437,1476,"126,235",porn-sluts 
1438,1477,"119,846",porno 
1439,1478,"353,493",porno-18 
1440,1479,"286,843",porno-amateur 
1441,1480,"79,150",porno-en-espanol 
1442,1481,"12,697",pornstar 
1443,1482,"33,698",pornstars 
1444,1483,"18,604",porra 
1445,1484,"15,878",pounded 
1446,1485,"149,731",pounding 
1447,1486,"346,498",pov-blow-job 
1448,1487,"373,621",pov-blowjob 
1449,1488,813,pov-sex 
1450,1489,"8,576",precum 
1451,1490,"33,390",pregnant 
1452,1491,"59,143",pretty 
1453,1492,"233,169",pretty-face 
1454,1493,"21,140",pretty-pussy 
1455,1494,"44,085",price 
1456,1495,"15,604",prima 
1457,1496,"5,373",private 
1458,1497,"15,854",prolapse 
1459,1498,"6,969",prostituta 
1460,1499,"9,193",prostitute 
1461,1500,"51,156",puba 
1462,1501,"30,426",public 
1463,1502,"308,573",public-nudity 
1464,1503,"15,529",public-sex 
1465,1504,"15,669",publico 
1466,1505,"23,047",puffy-nipples 
1467,1506,"14,057",punheta 
1468,1507,"10,382",punish 
1469,1508,"11,964",punished 
1470,1509,"14,757",punishment 
1471,1510,"42,789",punk 
1472,1511,"5,680",pure-18 
1473,1512,"401,260",pure18 
1474,1513,"239,019",pussy 
1475,1514,"292,443",pussy-eating 
1476,1515,"219,310",pussy-fingering 
1477,1516,"475,872",pussy-fisting 
1478,1517,"428,626",pussy-fuck 
1479,1518,"228,050",pussy-fucking 
1480,1519,"290,788",pussy-lick 
1481,1520,"294,627",pussy-licking 
1482,1521,"244,605",pussy-orgasm 
1483,1522,"219,762",pussy-play 
1484,1523,"654,839",pussy-rubbing 
1485,1524,"417,799",pussy-sex 
1486,1525,"49,185",pussy-to-mouth 
1487,1526,"14,491",pussyfucking 
1488,1527,"7,070",pussylicking 
1489,1528,"74,115",pussysex 
1490,1529,"6,067",puta 
1491,1530,"12,163",putaria 
1492,1531,"7,938",putas 
1493,1532,"9,301",putinha 
1494,1533,"10,085",putita 
1495,1534,"8,352",rabo 
1496,1535,"16,719",rabuda 
1497,1536,"102,227",raw 
1498,1537,"324,697",real 
1499,1538,"483,679",real-amateur 
1500,1539,"115,503",real-amateur-porn 
1501,1540,"231,179",real-amateurs 
1502,1541,"234,444",real-amatuer-porn 
1503,1542,"309,380",real-amature-porn 
1504,1543,"122,754",real-ass 
1505,1544,"143,943",real-couple 
1506,1545,"70,401",real-orgasm 
1507,1546,"355,605",real-orgasms 
1508,1547,"7,827",real-sex 
1509,1548,"68,647",realamateur 
1510,1549,"230,785",reality 
1511,1550,"5,001",reality-porn 
1512,1551,"5,758",realitykings 
1513,1552,"5,693",realsex 
1514,1553,"26,491",rebolando 
1515,1554,"38,305",red 
1516,1555,"4,782",red-head 
1517,1556,"43,529",redbone 
1518,1557,"5,346",redhead 
1519,1558,"6,717",redheads 
1520,1559,"7,508",relax 
1521,1560,"50,419",retro 
1522,1561,"4,930",reverse-cowgirl 
1523,1562,"18,574",reversecowgirl 
1524,1563,"25,371",rica 
1525,1564,"19,788",rico 
1526,1565,"56,518",ride 
1527,1566,"253,385",riding 
1528,1567,"13,276",riding-cock 
1529,1568,"22,124",rimjob 
1530,1569,"10,552",rimming 
1531,1570,"34,342",rola 
1532,1571,"13,979",role-play 
1533,1572,"1,426",roleplay 
1534,1573,"3,665",roludo 
1535,1574,"11,632",romanian 
1536,1575,"25,638",romantic 
1537,1576,"7,158",room 
1538,1577,"83,735",rope 
1539,1578,"223,061",rough 
1540,1579,"198,497",rough-fuck 
1541,1580,"244,749",rough-fucking 
1542,1581,"302,050",rough-porn 
1543,1582,"341,270",rough-porn-videos 
1544,1583,"499,623",rough-sex 
1545,1584,"445,011",rough-sex-porn 
1546,1585,"400,817",rough-sex-video 
1547,1586,"9,962",rough-sex-videos 
1548,1587,"232,313",roughsex 
1549,1588,"5,031",round-ass 
1550,1589,"18,192",roundass 
1551,1590,"19,023",rub 
1552,1591,"56,986",rubbing 
1553,1592,"16,038",rubia 
1554,1593,"4,753",ruiva 
1555,1594,"27,019",russia 
1556,1595,"24,039",russian 
1557,1596,"4,540",safada 
1558,1597,"7,562",safadinha 
1559,1598,"187,048",safado 
1560,1599,"44,337",saggy-tits 
1561,1600,"28,119",salope 
1562,1601,"9,935",salope-dosee 
1563,1602,"5,210",sapphic 
1564,1603,"7,517",sapphicerotica 
1565,1604,"5,010",satin 
1566,1605,"8,055",scandal 
1567,1606,"7,347",scissoring 
1568,1607,"10,510",secretary 
1569,1608,"177,434",seduction 
1570,1609,"9,862",seduction-porn 
1571,1610,"4,992",self 
1572,1611,"22,972",selfie 
1573,1612,"36,330",sem-camisinha 
1574,1613,"27,579",semen 
1575,1614,"7,186",sensual 
1576,1615,"4,017",sentando 
1577,1616,"516,934",sentones 
1578,1617,"271,887",sex 
1579,1618,"266,012",sex-doll 
1580,1619,"332,647",sex-exhib 
1581,1620,"301,886",sex-massage 
1582,1621,"654,858",sex-outdoor 
1583,1622,"283,015",sex-pussy 
1584,1623,"311,809",sex-tape 
1585,1624,"324,287",sex-toy 
1586,1625,"4,705",sex-toys 
1587,1626,"160,965",sexcam 
1588,1627,"306,580",sexo 
1589,1628,"213,633",sexo-anal 
1590,1629,"7,312",sexo-oral 
1591,1630,"5,679",sextape 
1592,1631,"7,463",sexteen 
1593,1632,"4,262",sextoy 
1594,1633,"225,014",sextoys 
1595,1634,"431,487",sexy 
1596,1635,"319,396",sexy-ass 
1597,1636,"570,550",sexy-girl 
1598,1637,"142,978",sexy-girl-sex 
1599,1638,"131,667",sexy-sluts 
1600,1639,"4,436",sexy-whores 
1601,1640,"8,941",sfm 
1602,1641,"11,012",shaking 
1603,1642,"91,932",sharing 
1604,1643,"286,698",shaved 
1605,1644,"271,136",shaved-pussy 
1606,1645,"4,836",shaved-pussy-hair 
1607,1646,"141,312",shavedpussy 
1608,1647,5,she 
1609,1648,"69,789",shecock 
1610,1649,"224,891",shemale 
1611,1650,"307,915",shemale-anal 
1612,1651,"116,982",shemale-blowjob 
1613,1652,"236,628",shemale-deepthroat 
1614,1653,"332,761",shemale-porn 
1615,1654,131,shemale-sex 
1616,1655,"6,658",shemales 
1617,1656,"5,327",shoes 
1618,1657,"10,216",shoplift 
1619,1658,"8,450",shoplifter 
1620,1659,"9,039",shoplifting 
1621,1660,"15,678",shoplyfter 
1622,1661,"27,946",short 
1623,1662,"8,546",short-hair 
1624,1663,"18,363",shorts 
1625,1664,"42,571",shot 
1626,1665,"26,011",show 
1627,1666,"11,667",shower 
1628,1667,"5,897",shy 
1629,1668,"14,929",siririca 
1630,1669,"24,490",sissy 
1631,1670,"45,784",sister 
1632,1671,"73,013",skinny 
1633,1672,"10,645",skinny-body 
1634,1673,"6,761",skirt 
1635,1674,"19,906",slapping 
1636,1675,"17,606",slave 
1637,1676,"48,154",slim 
1638,1677,"13,631",slim-body 
1639,1678,"25,436",slim-waist 
1640,1679,"86,707",sloppy 
1641,1680,"259,770",sloppy-blow-job 
1642,1681,"94,071",sloppy-blowjob 
1643,1682,"250,395",slut 
1644,1683,"129,827",slut-porn 
1645,1684,"28,960",slut-twink 
1646,1685,"20,200",sluts 
1647,1686,"103,623",slutty 
1648,1687,"310,367",small 
1649,1688,"176,356",small-ass 
1650,1689,"297,427",small-boobs 
1651,1690,"227,219",small-cock 
1652,1691,"276,860",small-dick 
1653,1692,"432,537",small-tits 
1654,1693,"27,723",small-tits-porn 
1655,1694,"9,985",smalltits 
1656,1695,"10,058",smoking 
1657,1696,"8,210",smooth 
1658,1697,"44,333",soapy 
1659,1698,"8,907",soapy-massage 
1660,1699,"12,066",socks 
1661,1700,"17,252",soft 
1662,1701,"11,625",softcore 
1663,1702,"8,140",sola 
1664,1703,"123,129",soles 
1665,1704,"89,396",solo 
1666,1705,"222,967",solo-female 
1667,1706,"88,946",solo-girl 
1668,1707,"229,179",solo-male 
1669,1708,"93,906",solo-masturbation 
1670,1709,"3,890",soloboy 
1671,1710,"1,949",sologirl 
1672,1711,"4,888",spa 
1673,1712,"4,534",spain 
1674,1713,"14,024",spandex 
1675,1714,"8,410",spanish 
1676,1715,"20,010",spank 
1677,1716,"17,495",spanking 
1678,1717,"7,241",special-locations 
1679,1718,"20,560",speculum 
1680,1719,"8,060",sperm 
1681,1720,"5,603",spit 
1682,1721,"4,501",spoon 
1683,1722,"1,601",spooning 
1684,1723,"9,854",spreadeagle 
1685,1724,"11,358",spreading 
1686,1725,"44,099",spy 
1687,1726,"8,683",spy-cam 
1688,1727,"37,194",spycam 
1689,1728,"5,970",squirt 
1690,1729,"26,788",squirters 
1691,1730,"4,755",squirting 
1692,1731,"4,777",ssbbw 
1693,1732,"8,737",staxxx 
1694,1733,"61,420",stealing 
1695,1734,"40,653",step 
1696,1735,"48,570",step-bro 
1697,1736,"45,649",step-brother 
1698,1737,"45,828",step-dad 
1699,1738,"44,088",step-daddy 
1700,1739,"71,593",step-daughter 
1701,1740,"64,261",step-family 
1702,1741,"40,104",step-fantasy 
1703,1742,"63,843",step-father 
1704,1743,"40,187",step-mom 
1705,1744,"43,894",step-mother 
1706,1745,"54,858",step-sis 
1707,1746,"116,256",step-sister 
1708,1747,"11,770",step-son 
1709,1748,"17,259",stepbro 
1710,1749,"17,295",stepbrother 
1711,1750,"6,908",stepdad 
1712,1751,"21,130",stepdaddy 
1713,1752,"8,299",stepdaughter 
1714,1753,"5,284",stepfamily 
1715,1754,"8,782",stepfantasy 
1716,1755,"30,834",stepfather 
1717,1756,"308,351",stepmom 
1718,1757,"4,859",stepmom-and-stepson 
1719,1758,"12,000",stepmommy 
1720,1759,"6,084",stepmother 
1721,1760,"13,093",stepsiblings 
1722,1761,"23,552",stepsis 
1723,1762,"6,406",stepsister 
1724,1763,"18,907",stepsisters 
1725,1764,"39,242",stepson 
1726,1765,"10,213",stockings 
1727,1766,"9,216",story 
1728,1767,375,storyline 
1729,1768,"43,838",str8 
1730,1769,"206,490",straight 
1731,1770,"12,020",straight-porn 
1732,1771,"141,734",stranger 
1733,1772,"14,369",strap-on 
1734,1773,"8,218",strapon 
1735,1774,"9,628",stream 
1736,1775,"5,859",street 
1737,1776,"9,825",stretch 
1738,1777,"19,000",stretching 
1739,1778,"9,052",strip 
1740,1779,"6,902",stripper 
1741,1780,"16,151",stripping 
1742,1781,"13,954",striptease 
1743,1782,"37,063",stroking 
1744,1783,"16,896",stud 
1745,1784,"8,679",student 
1746,1785,"19,342",students 
1747,1786,"35,808",studs 
1748,1787,"10,199",style 
1749,1788,"10,812",sub 
1750,1789,"15,392",submission 
1751,1790,"136,093",submissive 
1752,1791,"53,143",suce-grosse-bite 
1753,1792,"250,286",suck 
1754,1793,"148,232",suck-cock 
1755,1794,"340,958",sucking 
1756,1795,"107,408",sucking-cock 
1757,1796,"272,149",sucking-cocks 
1758,1797,"103,920",sucking-dick 
1759,1798,"12,647",sucking-dicks 
1760,1799,"12,629",suckingcock 
1761,1800,"42,738",suckingdick 
1762,1801,"332,971",sucks 
1763,1802,"4,714",super-hot-porn 
1764,1803,"23,677",suruba 
1765,1804,"15,110",swallow 
1766,1805,"3,174",swallowing 
1767,1806,"32,056",swedish 
1768,1807,"7,664",sweet 
1769,1808,"11,619",swing 
1770,1809,"8,628",swinger 
1771,1810,"163,248",swingers 
1772,1811,"45,216",t-girl 
1773,1812,"65,038",taboo 
1774,1813,"1,905",taboo-family 
1775,1814,"6,945",taiwan 
1776,1815,"5,895",tall 
1777,1816,"8,224",tamil 
1778,1817,"6,647",tanga 
1779,1818,"11,219",tanned 
1780,1819,"53,925",tats 
1781,1820,"18,257",tattoo 
1782,1821,"22,892",tattooed 
1783,1822,"9,857",tattoos 
1784,1823,"16,024",tatuada 
1785,1824,"10,517",teacher 
1786,1825,"18,223",teamskeet 
1787,1826,"21,730",tease 
1788,1827,"395,084",teasing 
1789,1828,"493,858",teen 
1790,1829,"622,082",teen-anal 
1791,1830,"472,557",teen-blowjob 
1792,1831,"593,280",teen-fuck 
1793,1832,"516,193",teen-hardcore 
1794,1833,"592,320",teen-porn 
1795,1834,"649,710",teen-pussy 
1796,1835,"18,278",teen-sex 
1797,1836,"284,025",teenage 
1798,1837,"183,991",teenage-girl-porn 
1799,1838,"236,879",teenage-porn 
1800,1839,"381,873",teenage-porn-videos 
1801,1840,"51,015",teenage-sex-video 
1802,1841,"5,683",teenager 
1803,1842,"30,654",teenfuns 
1804,1843,"20,260",teenie 
1805,1844,"11,946",teenies 
1806,1845,"5,656",teenporn 
1807,1846,"6,088",teenporno 
1808,1847,"81,696",teenpussy 
1809,1848,"94,718",teens 
1810,1849,"9,265",teens-18 
1811,1850,"5,701",teensex 
1812,1851,"5,648",teensnow 
1813,1852,"5,645",teentube 
1814,1853,"4,062",teenxxx 
1815,1854,"41,551",telugu 
1816,1855,"64,735",tesao 
1817,1856,"76,576",tetas 
1818,1857,"43,264",tetas-grandes 
1819,1858,141,tetona 
1820,1859,41,tgirl 
1821,1860,"13,320",tgirls 
1822,1861,"4,817",thai 
1823,1862,"358,316",thailand 
1824,1863,"4,053",the 
1825,1864,"32,384",thicc 
1826,1865,"11,044",thick 
1827,1866,"10,777",thief 
1828,1867,"10,110",thong 
1829,1868,"75,707",thot 
1830,1869,"10,527",threesome 
1831,1870,"38,623",threeway 
1832,1871,"179,183",throat 
1833,1872,"4,261",throat-fuck 
1834,1873,"8,390",throatfuck 
1835,1874,"18,135",tia 
1836,1875,"77,617",tied 
1837,1876,"283,758",tight 
1838,1877,"72,306",tight-ass 
1839,1878,"273,341",tight-cunt 
1840,1879,"409,669",tight-pussy 
1841,1880,"340,621",tight-pussy-fuck 
1842,1881,"431,189",tight-pussy-fucked 
1843,1882,"69,008",tight-pussy-porn 
1844,1883,"4,851",time 
1845,1884,"40,512",tinder 
1846,1885,"144,638",tiny 
1847,1886,"218,522",tiny-girl 
1848,1887,"375,243",tiny-tits 
1849,1888,"34,468",tiny-tits-porn 
1850,1889,"5,739",tiny-titties 
1851,1890,"18,111",tinytits 
1852,1891,"159,544",tit 
1853,1892,"5,480",tit-fuck 
1854,1893,"5,523",titfuck 
1855,1894,"357,452",titjob 
1856,1895,"11,757",tits 
1857,1896,"153,626",titties 
1858,1897,"9,898",titty-fuck 
1859,1898,"6,553",toes 
1860,1899,"13,797",toilet 
1861,1900,"18,902",tongue 
1862,1901,"6,483",top 
1863,1902,"54,307",topless 
1864,1903,"9,686",toy 
1865,1904,"70,090",toying 
1866,1905,"11,493",toys 
1867,1906,80,training 
1868,1907,"1,300",trannies 
1869,1908,"211,310",tranny 
1870,1909,"307,225",tranny-porn 
1871,1910,"26,339",tranny-sex 
1872,1911,178,trans 
1873,1912,433,transex 
1874,1913,341,transexual 
1875,1914,284,transgender 
1876,1915,329,transsexual 
1877,1916,"1,237",transvestite 
1878,1917,"1,300",trap 
1879,1918,"6,629",travesti 
1880,1919,"9,377",tribbing 
1881,1920,"6,089",tribute 
1882,1921,"20,870",tributo 
1883,1922,"222,178",trimmed 
1884,1923,"233,702",trimmed-pussy 
1885,1924,"28,804",trimmed-pussy-hair 
1886,1925,"10,076",trio 
1887,1926,"9,890",tugging 
1888,1927,"8,210",twerk 
1889,1928,725,twerking 
1890,1929,"195,783",twink 
1891,1930,317,twink-sexy 
1892,1931,7,twinks 
1893,1932,"43,307",twinkstudios 
1894,1933,"10,888",two 
1895,1934,"14,188",uncensored 
1896,1935,"217,980",uncut 
1897,1936,"9,794",uncut-cock 
1898,1937,"4,702",underwear 
1899,1938,"17,193",undressing 
1900,1939,"7,095",uniform 
1901,1940,"8,591",unshaved 
1902,1941,"6,115",upskirt 
1903,1942,"13,552",urine 
1904,1943,"15,771",usa 
1905,1944,"19,125",vadia 
1906,1945,"14,021",vagina 
1907,1946,"15,301",vaginal 
1908,1947,"274,991",vaginal-creampies 
1909,1948,"10,163",vaginal-sex 
1910,1949,"8,582",van 
1911,1950,"5,909",vecina 
1912,1951,"3,694",venezolana 
1913,1952,"20,879",venezuela 
1914,1953,"1,099",verga 
1915,1954,"162,089",vergon 
1916,1955,"10,584",verification-video 
1917,1956,"31,314",verified-profile 
1918,1957,"215,535",vibrator 
1919,1958,"114,016",video 
1920,1959,"339,314",videos 
1921,1960,"124,152",videos-amateur 
1922,1961,"401,094",videos-amateurs 
1923,1962,"6,537",videos-porno-amateur 
1924,1963,"5,323",viet-nam 
1925,1964,"10,967",vietnam 
1926,1965,"3,523",vintage 
1927,1966,"15,655",viral 
1928,1967,"8,385",virgin 
1929,1968,"8,071",virginity 
1930,1969,"8,044",virtual 
1931,1970,"25,466",visual-novel 
1932,1971,"5,458",voyeur 
1933,1972,"8,499",wam 
1934,1973,"13,062",wank 
1935,1974,"4,980",wanking 
1936,1975,"16,508",watersports 
1937,1976,"51,059",web 
1938,1977,"73,132",web-cam 
1939,1978,"4,338",webcam 
1940,1979,"24,797",webcamchat 
1941,1980,"6,296",webcams 
1942,1981,"9,098",webcamsex 
1943,1982,"11,940",webcamshow 
1944,1983,"102,632",weird 
1945,1984,"83,265",wet 
1946,1985,"63,274",wet-cunt 
1947,1986,"298,630",wet-cunts 
1948,1987,"9,298",wet-pussy 
1949,1988,"7,971",whatsapp 
1950,1989,"78,686",whipping 
1951,1990,"69,799",white 
1952,1991,"178,055",white-chick 
1953,1992,"57,492",white-girl 
1954,1993,"46,123",white-skin 
1955,1994,"18,997",whore 
1956,1995,"10,180",whores 
1957,1996,"85,703",wide-hips 
1958,1997,"34,104",wife 
1959,1998,"68,722",wild 
1960,1999,"336,260",wild-amateurs 
1961,2000,"7,253",with 
1962,2001,"35,272",wives 
1963,2002,"152,480",woman 
1964,2003,"41,169",woman-fucking 
1965,2004,"160,032",women 
1966,2005,"116,870",women-fucking 
1967,2006,"240,135",women-sucking 
1968,2007,"122,398",women-sucking-dick 
1969,2008,"20,249",women-sucking-dicks 
1970,2009,"7,049",work 
1971,2010,"19,652",workout 
1972,2011,"6,085",worship 
1973,2012,"6,978",wrestling 
1974,2013,"9,226",xnxx 
1975,2014,"22,588",xvideo 
1976,2015,"4,079",xvideos 
1977,2016,"3,176",xvidoes 
1978,2017,"52,523",xxvideos 
1979,2018,"111,168",xxx 
1980,2019,"4,513",xxx-videos 
1981,2020,"116,488",xxxvideos 
1982,2021,"1,814",yanks-featured-video 
1983,2022,"8,579",yiff 
1984,2023,"151,115",yoga 
1985,2024,"111,627",young 
1986,2025,"138,877",young-men 
1987,2026,"336,624",young-old 
1988,2027,"325,357",young-petite-porn 
1989,2028,"110,511",young-tits 
1990,2029,"172,051",young-woman 
1991,2030,"12,108",youth-porn 
1992,2031,"47,677",zorra 
1993,2032,"129,200", 
1994,2033,"11,668", 
1995,2034,"16,258", 
1996,2035,"106,891", 
1997,2036,"120,871", 
1998,2037,"226,784", 
1999,2038,"120,893", 
